{
  "file_to_name": {
    "Adygeya": "Республика Адыгея",
    "Altay": "Республика Алтай",
    "Altayskiy_kray": "Алтайский край",
    "Amurskaya": "Амурская область",
    "Arkhangel_skaya": "Архангельская область",
    "Astrakhanskaya": "Астраханская область",
    "Bashkortostan": "Республика Башкортостан",
    "Belgorodskaya": "Белгородская область",
    "Bryanskaya": "Брянская область",
    "Buryatiya": "Республика Бурятия",
    "Chechenskaya": "Чеченская Республика",
    "Chelyabinskaya": "Челябинская область",
    "Chukotskiy": "Чукотский автономный округ",
    "Chuvashskaya": "Чувашская Республика",
    "Dagestan": "Республика Дагестан",
    "Donetska": "Донецкая Народная Республика",
    "Ingushskaya": "Республика Ингушетия",
    "Irkutskaya": "Иркутская область",
    "Ivanovskaya": "Ивановская область",
    "Kabardino-Balkarskaya": "Кабардино-Балкарская Республика",
    "Kaliningradskaya": "Калининградская область",
    "Kalmykiya": "Республика Калмыкия",
    "Kaluzhskaya": "Калужская область",
    "kermerovskaya": "Кемеровская область",
    "kamchatskaya": "Камчатский край",
    "Karachayevo-Cherkesskaya": "Карачаево-Черкесская Республика",
    "Kareliya": "Республика Карелия",
    "Kemerovo": "Кемеровская область",
    "Khabarovskiy-kray": "Хабаровский край",
    "Khakasiya": "Республика Хакасия",
    "Khanty-Mansiyskiy": "Ханты-Мансийский автономный округ",
    "Khersonska": "Херсонская область",
    "Kirovskaya": "Кировская область",
    "Komi": "Республика Коми",
    "Kostromskaya": "Костромская область",
    "Krasnodarskiy-kray": "Краснодарский край",
    "Krasnoyarskiiy-kray": "Красноярский край",
    "Kurganskaya": "Курганская область",
    "Kurskaya": "Курская область",
    "Leningradskaya": "Ленинградская область",
    "Lipetskaya": "Липецкая область",
    "Luhanska": "Луганская Народная Республика",
    "Magadanskaya": "Магаданская область",
    "Mariy_El": "Республика Марий Эл",
    "Mordoviya": "Республика Мордовия",
    "Moskovskaya": "Московская область",
    "Moskva": "Москва",
    "Murmanskaya": "Мурманская область",
    "Nenetskiy": "Ненецкий автономный округ",
    "Nizhegorodskaya": "Нижегородская область",
    "Novgorodskaya": "Новгородская область",
    "Novosibirskaya": "Новосибирская область",
    "Omskaya": "Омская область",
    "Orenburgskaya": "Оренбургская область",
    "Orlovskaya": "Орловская область",
    "Penzenskaya": "Пензенская область",
    "Perm": "Пермский край",
    "Primorskiy_kray": "Приморский край",
    "Pskovskaya": "Псковская область",
    "Rostovskaya": "Ростовская область",
    "Ryazanskaya": "Рязанская область",
    "Sakha_Yakutiya": "Республика Саха (Якутия)",
    "Sakhalinskaya": "Сахалинская область",
    "Samarskaya": "Самарская область",
    "Sankt-Peterburg": "Санкт-Петербург",
    "Saratovskaya": "Саратовская область",
    "Severnaya_Osetiya_Alaniya": "Республика Северная Осетия - Алания",
    "Smolenskaya": "Смоленская область",
    "Stavropol-skiy_kray": "Ставропольский край",
    "Sverdlovskaya": "Свердловская область",
    "Tambovskaya": "Тамбовская область",
    "Tatarstan": "Республика Татарстан",
    "Tomskaya": "Томская область",
    "Tul-skaya": "Тульская область",
    "Tverskaya": "Тверская область",
    "Tyumenskaya": "Тюменская область",
    "Tyva": "Республика Тыва",
    "Udmurtskaya": "Удмуртская Республика",
    "Ul-yanovskaya": "Ульяновская область",
    "Vladimirskaya": "Владимирская область",
    "Volgogradskaya": "Волгоградская область",
    "Vologodskaya": "Вологодская область",
    "Voronezhskaya": "Воронежская область",
    "Yamalo-Nenetskiy": "Ямало-Ненецкий автономный округ",
    "Yaroslavskaya": "Ярославская область",
    "Yevreyskaya": "Еврейская автономная область",
    "Zabaykal-skiy_kray": "Забайкальский край",
    "Zaporizka": "Запорожская область"
  },
  "russian_to_english": {
    "Республика Адыгея": "Republic of Adygea",
    "Республика Алтай": "Republic of Altai",
    "Алтайский край": "Altai Krai",
    "Амурская область": "Amur Oblast",
    "Архангельская область": "Arkhangelsk Oblast",
    "Астраханская область": "Astrakhan Oblast",
    "Республика Башкортостан": "Republic of Bashkortostan",
    "Белгородская область": "Belgorod Oblast",
    "Брянская область": "Bryansk Oblast",
    "Республика Бурятия": "Republic of Buryatia",
    "Чеченская Республика": "Chechen Republic",
    "Челябинская область": "Chelyabinsk Oblast",
    "Чукотский автономный округ": "Chukotka Autonomous Okrug",
    "Чувашская Республика": "Chuvash Republic",
    "Республика Дагестан": "Republic of Dagestan",
    "Донецкая Народная Республика": "Donetsk People's Republic",
    "Республика Ингушетия": "Republic of Ingushetia",
    "Иркутская область": "Irkutsk Oblast",
    "Ивановская область": "Ivanovo Oblast",
    "Кабардино-Балкарская Республика": "Kabardino-Balkar Republic",
    "Калининградская область": "Kaliningrad Oblast",
    "Республика Калмыкия": "Republic of Kalmykia",
    "Калужская область": "Kaluga Oblast",
    "Кемеровская область": "Kemerovo Oblast",
    "Камчатский край": "Kamchatka Krai",
    "Карачаево-Черкесская Республика": "Karachay-Cherkess Republic",
    "Республика Карелия": "Republic of Karelia",
    "Хабаровский край": "Khabarovsk Krai",
    "Республика Хакасия": "Republic of Khakassia",
    "Ханты-Мансийский автономный округ": "Khanty-Mansi Autonomous Okrug",
    "Херсонская область": "Kherson Oblast",
    "Кировская область": "Kirov Oblast",
    "Республика Коми": "Republic of Komi",
    "Костромская область": "Kostroma Oblast",
    "Краснодарский край": "Krasnodar Krai",
    "Красноярский край": "Krasnoyarsk Krai",
    "Курганская область": "Kurgan Oblast",
    "Курская область": "Kursk Oblast",
    "Ленинградская область": "Leningrad Oblast",
    "Липецкая область": "Lipetsk Oblast",
    "Луганская Народная Республика": "Luhansk People's Republic",
    "Магаданская область": "Magadan Oblast",
    "Республика Марий Эл": "Republic of Mari El",
    "Республика Мордовия": "Republic of Mordovia",
    "Московская область": "Moscow Oblast",
    "Москва": "Moscow",
    "Мурманская область": "Murmansk Oblast",
    "Ненецкий автономный округ": "Nenets Autonomous Okrug",
    "Нижегородская область": "Nizhny Novgorod Oblast",
    "Новгородская область": "Novgorod Oblast",
    "Новосибирская область": "Novosibirsk Oblast",
    "Омская область": "Omsk Oblast",
    "Оренбургская область": "Orenburg Oblast",
    "Орловская область": "Oryol Oblast",
    "Пензенская область": "Penza Oblast",
    "Пермский край": "Perm Krai",
    "Приморский край": "Primorsky Krai",
    "Псковская область": "Pskov Oblast",
    "Ростовская область": "Rostov Oblast",
    "Рязанская область": "Ryazan Oblast",
    "Республика Саха (Якутия)": "Republic of Sakha (Yakutia)",
    "Сахалинская область": "Sakhalin Oblast",
    "Самарская область": "Samara Oblast",
    "Санкт-Петербург": "Saint Petersburg",
    "Саратовская область": "Saratov Oblast",
    "Республика Северная Осетия - Алания": "Republic of North Ossetia-Alania",
    "Смоленская область": "Smolensk Oblast",
    "Ставропольский край": "Stavropol Krai",
    "Свердловская область": "Sverdlovsk Oblast",
    "Тамбовская область": "Tambov Oblast",
    "Республика Татарстан": "Republic of Tatarstan",
    "Томская область": "Tomsk Oblast",
    "Тульская область": "Tula Oblast",
    "Тверская область": "Tver Oblast",
    "Тюменская область": "Tyumen Oblast",
    "Республика Тыва": "Republic of Tuva",
    "Удмуртская Республика": "Udmurt Republic",
    "Ульяновская область": "Ulyanovsk Oblast",
    "Владимирская область": "Vladimir Oblast",
    "Волгоградская область": "Volgograd Oblast",
    "Вологодская область": "Vologda Oblast",
    "Воронежская область": "Voronezh Oblast",
    "Ямало-Ненецкий автономный округ": "Yamalo-Nenets Autonomous Okrug",
    "Ярославская область": "Yaroslavl Oblast",
    "Еврейская автономная область": "Jewish Autonomous Oblast",
    "Забайкальский край": "Zabaykalsky Krai",
    "Запорожская область": "Zaporizhzhia Oblast"
  }
}